V1,missingness_level,MICE_PFC,MICE_SE
1,0.1,0.296100320113323,0.0134623744021149
2,0.2,0.297600047834945,0.0102102588141891
3,0.3,0.312396644376271,0.00827932565859123
4,0.4,0.326196159251416,0.0076141732448099
