V1,missingness_level,KNN_PFC,KNN_SE
1,MAR,0.123301883838309,0.00622780949872427
