V1,missingness_level,KNN_PFC,KNN_SE
1,MAR,0.164588447198705,0.00679662439205494
