"","missingness_level","RF_PFC","RF_SE"
"1",0.1,0.152504760057997,0.00961011783308877
"2",0.2,0.152984200474332,0.0064260825336829
"3",0.3,0.153882028614102,0.00594174772841151
"4",0.4,0.164230321640827,0.00496260204900568
