V1,missingness_level,MICE_PFC,MICE_SE
1,MAR,0.467421396760428,0.00837470212064668
