V1,missingness_level,RF_PFC,RF_SE
1,MNAR,0.235454545454545,0.00889081914094974
