V1,missingness_level,MICE_PFC,MICE_SE
1,0.1,0.305150097322698,0.0124251038045967
2,0.2,0.320088982926939,0.00857691087801079
3,0.3,0.323639810877348,0.00762909356509457
4,0.4,0.325782798268812,0.00773489345682841
