V1,missingness_level,MICE_PFC,MICE_SE
1,MAR,0.368719233830789,0.00727008442211595
