V1,missingness_level,MICE_PFC,MICE_SE
1,MNAR,0.312727272727273,0.00916589824432177
