V1,missingness_level,RF_PFC,RF_SE
1,MAR,0.424451375960974,0.00862214991670998
