V1,missingness_level,MeanMode_PFC,MeanMode_SE
1,MAR,0.396946125651427,0.00696954974301884
