V1,missingness_level,RF_PFC,RF_SE
1,MNAR,0.278636363636364,0.0118364448842599
