V1,missingness_level,RF_PFC,RF_SE
1,MAR,0.103309054343311,0.00538437220357393
