V1,missingness_level,KNN_PFC,KNN_SE
1,MNAR,0.578636363636364,0.0157572446458113
