V1,missingness_level,KNN_PFC,KNN_SE
1,MNAR,0.331818181818182,0.00987229586071037
