V1,missingness_level,RF_PFC,RF_SE
1,MAR,0.111800460305272,0.00602206314466448
