"","missingness_level","RF_MSE","RF_SE"
"1","MNAR",0.331409660648883,0.00025740650963202
