"","missingness_level","MICE_MSE","MICE_SE"
"1","MAR",0.0263317846264224,0.000533747539231953
