"","missingness_level","KNN_MSE","KNN_SE"
"1",0.1,0.149947645490622,0.00996281461548692
"2",0.2,0.188809934380005,0.00773054573974329
"3",0.3,0.213573160823114,0.00574137516693732
"4",0.4,0.240023465984666,0.00580956478583539
