"","missingness_level","RF_MSE","RF_SE"
"1","MAR",0.0557795310135541,0.00157231013673068
