"","missingness_level","MICE_MSE","MICE_SE"
"1",0.1,0.0547946825217838,0.00407808698471447
"2",0.2,0.0676466941771078,0.00387246974723636
"3",0.3,0.082535901258955,0.00359028716924918
"4",0.4,0.0992899425971378,0.00353399420746722
