"","missingness_level","RF_MSE","RF_SE"
"1","MNAR",0.254559512346244,0.000283796737478612
