"","missingness_level","MeanMode_MSE","MeanMode_SE"
"1",0.1,0.310361091172314,0.0143420316242211
"2",0.2,0.284645395112504,0.00968380686555159
"3",0.3,0.281101354762162,0.00743255898654089
"4",0.4,0.283761082521121,0.00662604532898675
