"","missingness_level","MICE_MSE","MICE_SE"
"1","MAR",0.0262403115907708,0.000729118900126574
