"","missingness_level","MICE_MSE","MICE_SE"
"1","MAR",0.0283901493463863,0.000625937659042238
