"","missingness_level","MICE_MSE","MICE_SE"
"1",0.1,0.0474786985139147,0.00392437041044554
"2",0.2,0.0652468690249668,0.00350941381659615
"3",0.3,0.0809273987894529,0.0034284548646964
"4",0.4,0.0983701768927843,0.00355305558130754
