"","missingness_level","KNN_MSE","KNN_SE"
"1",0.1,0.160211310130683,0.00815738008775943
"2",0.2,0.187683348630545,0.00596173593466325
"3",0.3,0.198350695019613,0.00513800648370912
"4",0.4,0.212157525021653,0.00542860091187762
