"","missingness_level","KNN_MSE","KNN_SE"
"1",0.1,0.173277349871707,0.00926788109399675
"2",0.2,0.19131723538738,0.00616183535925136
"3",0.3,0.201511906047819,0.00538374576066866
"4",0.4,0.218627719456511,0.00542456004264897
