"","missingness_level","RF_MSE","RF_SE"
"1","MNAR",0.335168117543814,0.000766100296272298
