"","missingness_level","RF_MSE","RF_SE"
"1",0.1,0.0510083678282926,0.00370063181180807
"2",0.2,0.065808133061517,0.00273308126065213
"3",0.3,0.0732379982878493,0.00237210101907189
"4",0.4,0.0897854289909423,0.00284779837688907
