"","missingness_level","MICE_MSE","MICE_SE"
"1",0.1,0.0533407313458836,0.00483908443194198
"2",0.2,0.0657812002634436,0.00381848558774003
"3",0.3,0.0790268162777585,0.00348761818843058
"4",0.4,0.0994639069351855,0.00339085739142175
