"","missingness_level","RF_MSE","RF_SE"
"1","MAR",0.059075848983294,0.00189657144010513
