"","missingness_level","RF_MSE","RF_SE"
"1",0.1,0.0617261804538595,0.0038428326259073
"2",0.2,0.0760789387883686,0.0034398517255791
"3",0.3,0.0862700668101553,0.00294472452399852
"4",0.4,0.101338487989451,0.00294812555317862
