"","missingness_level","MICE_MSE","MICE_SE"
"1","MAR",0.0260010168620159,0.000673433323210669
