"","missingness_level","RF_MSE","RF_SE"
"1",0.1,0.0780411415494925,0.00666639958848482
"2",0.2,0.0878498360550262,0.0047401631920185
"3",0.3,0.101275963776561,0.00383203168736958
"4",0.4,0.124806953422072,0.00374630872001796
