"","missingness_level","MICE_MSE","MICE_SE"
"1",0.1,0.0504479107232133,0.00368665560324937
"2",0.2,0.0716602788569807,0.00393791498834265
"3",0.3,0.0848185064111022,0.00364834318115045
"4",0.4,0.102722754380469,0.00361359729482395
