"","missingness_level","RF_MSE","RF_SE"
"1","MAR",0.0391680186847059,0.00107688008472548
