"","missingness_level","RF_MSE","RF_SE"
"1",0.1,0.0523972830148098,0.00327842558721716
"2",0.2,0.0655817243669182,0.00254552266953121
"3",0.3,0.0735135242801429,0.00217438215044637
"4",0.4,0.0895975419580841,0.00259006190835929
