"","missingness_level","RF_MSE","RF_SE"
"1","MNAR",0.343040565752404,0.000338589013599091
