"","missingness_level","RF_MSE","RF_SE"
"1","MNAR",0.375929896545538,0.00135179289155869
