"","missingness_level","RF_MSE","RF_SE"
"1","MAR",0.0573700150918178,0.00196053235166302
