"","missingness_level","MICE_MSE","MICE_SE"
"1",0.1,0.0623601577542918,0.00565103633633504
"2",0.2,0.0700890492403619,0.00374794883503925
"3",0.3,0.0851624981983908,0.00349002696342132
"4",0.4,0.104434751183387,0.00360286266246641
