"","missingness_level","RF_MSE","RF_SE"
"1","MAR",0.0608879480422204,0.00180613754905206
