"","missingness_level","KNN_MSE","KNN_SE"
"1",0.1,0.164695140989635,0.00861836423509592
"2",0.2,0.192221575842173,0.00621493966028457
"3",0.3,0.202270993639822,0.00530466640703713
"4",0.4,0.215845479983311,0.00510183275582142
