V1,missingness_level,KNN_PFC,KNN_SE
1,MNAR,0.226086956521739,0.00953362451390015
