V1,missingness_level,KNN_PFC,KNN_SE
1,MNAR,0.217826086956522,0.0074284118510835
