V1,missingness_level,KNN_PFC,KNN_SE
1,MNAR,0.142608695652174,0.00688367657219589
