V1,missingness_level,RF_PFC,RF_SE
1,MNAR,0.0695652173913043,0.00563000279821383
