"","missingness_level","MICE_PFC","MICE_SE"
"1",0.1,0.15173262412271,0.00970498822601747
"2",0.2,0.158064162315002,0.00610578098561288
"3",0.3,0.179593772550643,0.00526829253643097
"4",0.4,0.203883489806016,0.00532643210424551
