"","missingness_level","RF_PFC","RF_SE"
"1","MNAR",0.098695652173913,0.00701487928899388
