"","missingness_level","RF_PFC","RF_SE"
"1","MNAR",0.0608695652173913,0.00659814704903764
