"","missingness_level","RF_PFC","RF_SE"
"1","MNAR",0.0956521739130435,0.00693673074102144
