V1,missingness_level,KNN_PFC,KNN_SE
1,MNAR,0.150434782608696,0.00729679430424371
