V1,missingness_level,KNN_MSE,KNN_SE
1,MAR,0.439990123700115,0.00825358181481256
