"","missingness_level","RF_MSE","RF_SE"
"1","MAR",0.231640873818698,0.00487486183008284
