"","missingness_level","KNN_MSE","KNN_SE"
"1",0.1,0.227156920830514,0.0125418469236031
"2",0.2,0.231019543676706,0.00926108295060458
"3",0.3,0.263232818478585,0.00959406044293309
"4",0.4,0.302227074033373,0.00960032754735269
