V1,missingness_level,RF_MSE,RF_SE
1,MAR,0.413926782412776,0.00537061867465292
