V1,missingness_level,RF_MSE,RF_SE
1,MAR,0.209388344827673,0.00394055813357582
