V1,missingness_level,KNN_MSE,KNN_SE
1,MNAR,0.119547474310364,0.00721944557420354
