"","missingness_level","RF_MSE","RF_SE"
"1","MNAR",0.137960529629948,0.00906068570010998
