V1,missingness_level,MeanMode_MSE,MeanMode_SE
1,MAR,0.610584552599601,0.00541120708658711
