"","missingness_level","KNN_MSE","KNN_SE"
"1",0.1,0.25814839072291,0.0154868301283908
"2",0.2,0.275120577468676,0.0102704046931965
"3",0.3,0.308197828186203,0.0103913389319522
"4",0.4,0.334518833991465,0.0097552255426195
