"","missingness_level","MICE_MSE","MICE_SE"
"1",0.1,0.272008686219694,0.0112535373843196
"2",0.2,0.298216377266172,0.00974860137035149
"3",0.3,0.32785329200567,0.0105625014148684
"4",0.4,0.353059730660266,0.00944681581257406
