"","missingness_level","RF_MSE","RF_SE"
"1","MNAR",0.125805478723262,0.00932915448975316
