V1,missingness_level,RF_MSE,RF_SE
1,MAR,0.268734579994183,0.00356365590311592
