V1,missingness_level,KNN_MSE,KNN_SE
1,MAR,0.241759180542551,0.00569710347602064
