V1,missingness_level,KNN_MSE,KNN_SE
1,MNAR,0.0555524970845886,0.00503286203359597
