"","missingness_level","MICE_MSE","MICE_SE"
"1",0.1,0.31854404555049,0.0136292742891914
"2",0.2,0.356205540742341,0.0113304061962901
"3",0.3,0.393369935815598,0.0098072278270061
"4",0.4,0.421640719481385,0.00932877274268336
