V1,missingness_level,KNN_MSE,KNN_SE
1,MAR,0.191575820338508,0.00368976465865517
