V1,missingness_level,RF_MSE,RF_SE
1,MNAR,0.154938959174288,0.00653463091942288
