"","missingness_level","RF_MSE","RF_SE"
"1",0.1,0.252991290866474,0.0122115840351533
"2",0.2,0.240560680613022,0.00944689541166673
"3",0.3,0.245942217120003,0.00753667383846296
"4",0.4,0.255782116103766,0.00669576898196949
