V1,missingness_level,KNN_MSE,KNN_SE
1,MNAR,0.172224282496693,0.0121385175555747
