V1,missingness_level,MeanMode_MSE,MeanMode_SE
1,MNAR,0.570593541126588,0.00783276436960817
