"","missingness_level","KNN_MSE","KNN_SE"
"1",0.1,0.284549407750277,0.0155574276774759
"2",0.2,0.340704365279852,0.015860967844072
"3",0.3,0.3851718118568,0.0142833275511619
"4",0.4,0.434836321595349,0.0131223582405709
