"","missingness_level","MICE_MSE","MICE_SE"
"1",0.1,0.259858481318401,0.012912094726308
"2",0.2,0.250072434519346,0.00928262481801158
"3",0.3,0.270168968147156,0.00846101475684398
"4",0.4,0.28964115615063,0.0078699699259578
