"","missingness_level","KNN_MSE","KNN_SE"
"1","MNAR",0.0928987989806515,0.00560156341380932
