V1,missingness_level,RF_MSE,RF_SE
1,MAR,0.268476540642207,0.00470004584368713
