"","missingness_level","KNN_MSE","KNN_SE"
"1",0.1,0.23323493782889,0.0131246390170997
"2",0.2,0.24530091939042,0.0100921594158949
"3",0.3,0.285629019378916,0.0102754166134858
"4",0.4,0.315083800912,0.00993730050699431
