V1,missingness_level,KNN_MSE,KNN_SE
1,MNAR,0.0936074632796429,0.00540092203953495
