"","missingness_level","MICE_MSE","MICE_SE"
"1",0.1,0.300814266941718,0.0119653800395161
"2",0.2,0.320101011895082,0.0133056726808527
"3",0.3,0.34373215156818,0.0107986150236163
"4",0.4,0.371117636214621,0.0114044973980911
