V1,missingness_level,RF_MSE,RF_SE
1,MAR,0.192163153628559,0.0138038177535775
