"","missingness_level","MICE_MSE","MICE_SE"
"1",0.1,0.332502762120611,0.0199207420335208
"2",0.2,0.334104925288873,0.0129393382548912
"3",0.3,0.345535301366773,0.0105008780536819
"4",0.4,0.360179382607876,0.0106513344335361
