"","missingness_level","KNN_MSE","KNN_SE"
"1",0.1,0.259749757855459,0.0175668097648997
"2",0.2,0.255775737600877,0.0122594315860996
"3",0.3,0.281356107672667,0.0118009799001339
"4",0.4,0.305276174321143,0.0131092713094381
