V1,missingness_level,RF_MSE,RF_SE
1,MAR,0.233130854896296,0.0270573948243331
