V1,missingness_level,RF_MSE,RF_SE
1,MAR,0.186685703088959,0.0138701800621468
