"","missingness_level","KNN_MSE","KNN_SE"
"1",0.1,0.230705074482183,0.013814178260566
"2",0.2,0.289586500049487,0.0138607645339113
"3",0.3,0.302732456845323,0.0110150161154837
"4",0.4,0.351315831407669,0.0101284198795058
