V1,missingness_level,RF_MSE,RF_SE
1,MAR,0.424732213852346,0.0233123068293209
