"","missingness_level","MICE_MSE","MICE_SE"
"1",0.1,0.281040445243499,0.0179503161637591
"2",0.2,0.273417840761738,0.0119179725967713
"3",0.3,0.276435199702824,0.00986691697941101
"4",0.4,0.292668813589792,0.00980298591320889
