"","missingness_level","RF_MSE","RF_SE"
"1",0.1,0.207558911056425,0.0137131876859499
"2",0.2,0.210445286833323,0.00939341985145626
"3",0.3,0.220569810070956,0.00708883951419829
"4",0.4,0.23069996419268,0.00638878775770293
