"","missingness_level","MICE_MSE","MICE_SE"
"1",0.1,0.218636919288837,0.013744843106149
"2",0.2,0.273064166930145,0.0119998126178477
"3",0.3,0.285002135620337,0.0104684687710714
"4",0.4,0.309294855376135,0.0107632809267914
