"","missingness_level","RF_MSE","RF_SE"
"1","MAR",0.159305465993469,0.0102073592203265
