V1,missingness_level,MeanMode_MSE,MeanMode_SE
1,MAR,0.674578059267555,0.0364169194120219
