V1,missingness_level,KNN_MSE,KNN_SE
1,MAR,0.253943768798041,0.0147936251595993
