V1,missingness_level,RF_MSE,RF_SE
1,MNAR,0.145744524123364,0.000547603489042627
