V1,missingness_level,RF_MSE,RF_SE
1,MNAR,0.0727459513426769,0.000323567985531049
