V1,missingness_level,KNN_MSE,KNN_SE
1,MAR,0.249023180338172,0.0141574693124241
