"","missingness_level","KNN_MSE","KNN_SE"
"1",0.1,0.23533153903791,0.0158028400740053
"2",0.2,0.269982132577998,0.0144104066815839
"3",0.3,0.282058903872162,0.012955841404043
"4",0.4,0.310845889408269,0.0132164038499992
