"","missingness_level","MICE_MSE","MICE_SE"
"1",0.1,0.379475501483841,0.0299406986054631
"2",0.2,0.409561052838419,0.0211603466691933
"3",0.3,0.424591951536926,0.0161013372255273
"4",0.4,0.450192125529586,0.0134644427283961
