"","missingness_level","RF_MSE","RF_SE"
"1","MNAR",0.0769679877590731,0.000336831086257549
