V1,missingness_level,KNN_MSE,KNN_SE
1,MAR,0.424238930088754,0.0312558178607337
