V1,missingness_level,KNN_MSE,KNN_SE
1,MAR,0.253738659989188,0.0158458646358625
