"","missingness_level","MICE_MSE","MICE_SE"
"1",0.1,0.277430869623491,0.0162236067456096
"2",0.2,0.293205062224567,0.0116148073004354
"3",0.3,0.297772372924507,0.00932692898555015
"4",0.4,0.318941505891201,0.00982258125667019
