V1,missingness_level,RF_MSE,RF_SE
1,MNAR,0.125707055450325,0.000356742131151682
