V1,missingness_level,RF_MSE,RF_SE
1,MNAR,0.270090727978708,0.000469476220642741
