"","missingness_level","MICE_MSE","MICE_SE"
"1",0.1,0.0752410984617819,0.0065458106030567
"2",0.2,0.0988456706016432,0.00503740550227605
"3",0.3,0.113777239787704,0.00498428238878315
"4",0.4,0.130553409871862,0.00474058593824674
