"","missingness_level","RF_MSE","RF_SE"
"1","MNAR",0.227403816377559,0.00659343084611561
