"","missingness_level","RF_MSE","RF_SE"
"1",0.1,0.0614058799109142,0.00658731222759713
"2",0.2,0.0679552030840656,0.00409776737506276
"3",0.3,0.0795180926865423,0.00386441982769215
"4",0.4,0.095104478173181,0.00361820506409984
