"","missingness_level","RF_MSE","RF_SE"
"1",0.1,0.0952785293712802,0.0104418317788572
"2",0.2,0.111868000510582,0.00616889524353968
"3",0.3,0.128072685885659,0.00524782510606643
"4",0.4,0.153103962868523,0.00525570060415144
