"","missingness_level","KNN_MSE","KNN_SE"
"1",0.1,0.203037779619779,0.0121797685959223
"2",0.2,0.212770856774062,0.00715070426557163
"3",0.3,0.224347449600971,0.00656293567681682
"4",0.4,0.235894711410026,0.00557817065137558
