"","missingness_level","RF_MSE","RF_SE"
"1","MNAR",0.262614179688438,0.00467301247257942
