"","missingness_level","KNN_MSE","KNN_SE"
"1",0.1,0.193428073258851,0.0089529105194454
"2",0.2,0.205951927744032,0.00716499203368986
"3",0.3,0.215826863065576,0.00624250860361942
"4",0.4,0.228131819132486,0.00609064035271904
