"","missingness_level","RF_MSE","RF_SE"
"1",0.1,0.0746422927089662,0.00693839282348393
"2",0.2,0.0731756590483913,0.00389919419980205
"3",0.3,0.0825673633903773,0.00346781309768063
"4",0.4,0.0968393521065786,0.00346919736753031
