"","missingness_level","KNN_MSE","KNN_SE"
"1",0.1,0.21698512717319,0.0129891897044945
"2",0.2,0.212139875212596,0.00731035060618095
"3",0.3,0.225061838241758,0.00652635044396184
"4",0.4,0.239425874147165,0.00600232962665475
