"","missingness_level","RF_MSE","RF_SE"
"1",0.1,0.0572417306961532,0.00448608808151117
"2",0.2,0.0787994697412575,0.00400161625759157
"3",0.3,0.091832432951898,0.0038277292173069
"4",0.4,0.109895610413872,0.00351758836949723
