"","missingness_level","KNN_MSE","KNN_SE"
"1",0.1,0.175038200681615,0.00785003804905978
"2",0.2,0.206269668875753,0.00673183244190587
"3",0.3,0.220969718054822,0.00639743102707618
"4",0.4,0.239118422214359,0.0060437913974032
