"","missingness_level","RF_MSE","RF_SE"
"1","MNAR",0.302094661878262,0.00511008111846608
