"","missingness_level","RF_MSE","RF_SE"
"1","MNAR",0.281373722664243,0.00508609474191601
