"","missingness_level","KNN_MSE","KNN_SE"
"1",0.1,0.191286759433639,0.0141951073919498
"2",0.2,0.215780835841843,0.00839646750242143
"3",0.3,0.257954728582254,0.00802524837450931
"4",0.4,0.273995865274137,0.00679874810320323
