"","missingness_level","MeanMode_MSE","MeanMode_SE"
"1",0.1,0.329291311721818,0.019948953035539
"2",0.2,0.331506119002153,0.0126892676078102
"3",0.3,0.336404041040777,0.00999581986620211
"4",0.4,0.337173670135484,0.00841298494638464
