V1,missingness_level,RF_MSE,RF_SE
1,MNAR,0.0965999671083555,0.00620224843177217
