V1,missingness_level,RF_MSE,RF_SE
1,MNAR,0.112034790518559,0.00716203959389674
