V1,missingness_level,MICE_MSE,MICE_SE
1,MAR,0.292904923804667,0.00530506974796163
