V1,missingness_level,RF_MSE,RF_SE
1,MNAR,0.13226583488792,0.00795116943411496
