V1,missingness_level,KNN_MSE,KNN_SE
1,MNAR,0.0302856989130581,0.00346727446558662
