V1,missingness_level,RF_MSE,RF_SE
1,MAR,0.375074314002771,0.00610317821560491
