V1,missingness_level,KNN_MSE,KNN_SE
1,MAR,0.24339720986069,0.00390015109614386
