V1,missingness_level,KNN_MSE,KNN_SE
1,MNAR,0.0452998555980018,0.00356376921281829
