V1,missingness_level,KNN_MSE,KNN_SE
1,MNAR,0.0525924459878317,0.00406030357603819
