"","missingness_level","KNN_MSE","KNN_SE"
"1",0.1,0.195009794480073,0.00805173723929348
"2",0.2,0.201774989603127,0.00707263841206485
"3",0.3,0.206651020879074,0.00622868869460316
"4",0.4,0.20978307769922,0.00536611640497039
