V1,missingness_level,RF_MSE,RF_SE
1,MAR,0.294823320679552,0.00403203339473617
