V1,missingness_level,MICE_MSE,MICE_SE
1,MAR,0.32049302383157,0.00605688513180999
