V1,missingness_level,RF_MSE,RF_SE
1,MNAR,0.111257028089836,0.00563081097420261
