"","missingness_level","KNN_MSE","KNN_SE"
"1",0.1,0.201245306584108,0.00890559245543075
"2",0.2,0.207806285286527,0.00706238012344794
"3",0.3,0.209782687969936,0.00638491614332564
"4",0.4,0.213518487652575,0.00442390461948961
