V1,missingness_level,KNN_MSE,KNN_SE
1,MAR,0.327568333291586,0.00572613756771981
