V1,missingness_level,RF_MSE,RF_SE
1,MAR,0.267534445576317,0.00456794098859976
