V1,missingness_level,MICE_MSE,MICE_SE
1,MAR,0.256876940860944,0.0056646207182833
