V1,missingness_level,KNN_MSE,KNN_SE
1,MAR,0.243994566984526,0.00365619423838001
