"","missingness_level","KNN_MSE","KNN_SE"
"1","MNAR",0.0298567230077739,0.00286627975450409
