"","missingness_level","KNN_MSE","KNN_SE"
"1",0.1,0.190311831552697,0.00941087460619408
"2",0.2,0.199651260575551,0.00657241976095683
"3",0.3,0.204529407979058,0.00570634390385473
"4",0.4,0.210608163360583,0.00508654507439103
