V1,missingness_level,KNN_MSE,KNN_SE
1,MNAR,0.0405811206398766,0.00347455771860834
