V1,missingness_level,RF_MSE,RF_SE
1,MAR,0.298837057675503,0.00427001716603102
