"","missingness_level","MICE_MSE","MICE_SE"
"1",0.1,0.222803809391112,0.0099561043020852
"2",0.2,0.211185229213041,0.00682231346417812
"3",0.3,0.21483722802328,0.0057751176728217
"4",0.4,0.21929144972548,0.00530557237758441
