"","missingness_level","RF_MSE","RF_SE"
"1","MNAR",0.132801378924322,0.00688637961875467
