"","missingness_level","RF_MSE","RF_SE"
"1",0.1,0.218481869980259,0.0103362503888345
"2",0.2,0.207924724801084,0.00758319403609489
"3",0.3,0.210009848776743,0.00590903685429919
"4",0.4,0.209157580234075,0.00479063590475288
