"","missingness_level","MICE_MSE","MICE_SE"
"1",0.1,0.208387759502742,0.0105602700304023
"2",0.2,0.211465226993646,0.00637363253837516
"3",0.3,0.211429136131157,0.00556466483492927
"4",0.4,0.22018589840932,0.0052659424485414
