V1,missingness_level,KNN_MSE,KNN_SE
1,MAR,0.252812025384602,0.00370718512201755
