"","missingness_level","MICE_MSE","MICE_SE"
"1",0.1,0.213328677074283,0.00854911574284401
"2",0.2,0.222448271102739,0.00692265141205209
"3",0.3,0.221731442842003,0.00530760615901795
"4",0.4,0.226038078867105,0.00562640191769313
