"","missingness_level","KNN_MSE","KNN_SE"
"1",0.1,0.192290254535844,0.00895005141576258
"2",0.2,0.200726448972387,0.0068675467781992
"3",0.3,0.209040902956234,0.00549381155282149
"4",0.4,0.213482357482521,0.00456242048262791
