V1,missingness_level,MeanMode_MSE,MeanMode_SE
1,MAR,0.305601511065776,0.00266738217781055
