"","missingness_level","RF_MSE","RF_SE"
"1","MAR",0.310585019699299,0.00328193974515825
