V1,missingness_level,KNN_PFC,KNN_SE
1,MAR,0.374366167599798,0.00891802434164368
