V1,missingness_level,KNN_PFC,KNN_SE
1,MNAR,0.225909090909091,0.00991353806239733
