V1,missingness_level,RF_PFC,RF_SE
1,MNAR,0.288636363636364,0.0111223230016936
