"","missingness_level","KNN_PFC","KNN_SE"
"1",0.1,0.157850901230057,0.0208131622753995
"2",0.2,0.184747791424262,0.0275974641285635
"3",0.3,0.176935140192831,0.0147769337072673
"4",0.4,0.182660328730013,0.0134816159886903
