V1,missingness_level,MICE_PFC,MICE_SE
1,MNAR,0.290454545454545,0.00981707217482126
