V1,missingness_level,RF_PFC,RF_SE
1,MNAR,0.536818181818182,0.01068828809785
