V1,missingness_level,RF_PFC,RF_SE
1,MAR,0.110919291647917,0.0056616377310588
