"","missingness_level","RF_PFC","RF_SE"
"1","MAR",0.096966835615966,0.00583816938007244
