V1,missingness_level,MICE_PFC,MICE_SE
1,MNAR,0.601818181818182,0.00837692081878582
