V1,missingness_level,KNN_PFC,KNN_SE
1,MNAR,0.241818181818182,0.0110187327685944
