V1,missingness_level,MICE_PFC,MICE_SE
1,MAR,0.328502651654577,0.00872183081430465
