V1,missingness_level,KNN_PFC,KNN_SE
1,MAR,0.130760394855439,0.0060934814665893
