"","missingness_level","MICE_PFC","MICE_SE"
"1",0.1,0.240740740740741,0.0489953946493443
"2",0.2,0.368300653594771,0.110072520065772
"3",0.3,0.298573048573049,0.11162006382088
"4",0.4,0.313458922030351,0.0886203441513235
