"","missingness_level","MICE_PFC","MICE_SE"
"1",0.1,0.122222222222222,0.0111111111111111
