"","missingness_level","KNN_PFC","KNN_SE"
"1",0.1,0.278840579710145,0.0255072463768116
