"","missingness_level","RF_PFC","RF_SE"
"1","MAR",0.0874125874125874,0.0489510489510489
