"","missingness_level","RF_PFC","RF_SE"
"1",0.1,0.134554256485203,0.0250545366314994
"2",0.2,0.152983570351217,0.0236167535151913
"3",0.3,0.16936033419022,0.0206314394744353
"4",0.4,0.178263680501445,0.02050217073436
