"","missingness_level","RF_PFC","RF_SE"
"1",0.1,0.162698412698413,0.0515873015873016
