"","missingness_level","MICE_PFC","MICE_SE"
"1",0.1,0.325507246376812,0.0211594202898551
