"","missingness_level","MICE_PFC","MICE_SE"
"1",0.1,0.263005798810752,0.0408708657156135
"2",0.2,0.321527131365367,0.0421888316872568
"3",0.3,0.329453834118382,0.0366284658757265
"4",0.4,0.294719437567722,0.0260404125884299
