"","missingness_level","RF_PFC","RF_SE"
"1",0.1,0.378660086716353,0.035450371668523
"2",0.2,0.352347329957624,0.0229640950805513
"3",0.3,0.400574993885135,0.0167545597934886
"4",0.4,0.386019663951739,0.0147963964747074
