"","missingness_level","RF_PFC","RF_SE"
"1",0.1,0.100840336134454,0.0420168067226891
