"","missingness_level","RF_PFC","RF_SE"
"1","MAR",0.116935483870968,0.0101476269291274
