"","missingness_level","RF_PFC","RF_SE"
"1",0.1,0.10024154589372,0.0633223513474315
"2",0.2,0.171160130718954,0.0826345574580732
"3",0.3,0.176746676746677,0.0726867373388591
"4",0.4,0.185431711145997,0.0481449775171119
