"","missingness_level","KNN_PFC","KNN_SE"
"1",0.1,0.0611111111111111,0.00555555555555556
