"","missingness_level","KNN_PFC","KNN_SE"
"1",0.1,0.165700483091787,0.0200875583442433
"2",0.2,0.137826797385621,0.0503369424669736
"3",0.3,0.172084672084672,0.0281177087252908
"4",0.4,0.140509331937903,0.0223582897077721
