"","missingness_level","RF_PFC","RF_SE"
"1",0.1,0.0944444444444444,0.0388888888888889
