"","missingness_level","KNN_PFC","KNN_SE"
"1",0.1,0.126984126984127,0.0158730158730159
