"","missingness_level","KNN_PFC","KNN_SE"
"1",0.1,0.125,0.0636468846521644
"2",0.2,0.146323529411765,0.0424585930320432
"3",0.3,0.162130662130662,0.0234696797464555
"4",0.4,0.172098377812664,0.0351398081930965
