"","missingness_level","RF_PFC","RF_SE"
"1","MAR",0.211653116531165,0.0299099099457822
