"","missingness_level","MICE_PFC","MICE_SE"
"1",0.1,0.340184453227932,0.0369386098880785
"2",0.2,0.312091503267974,0.0315575292742287
"3",0.3,0.31005481005481,0.0279891030140123
"4",0.4,0.307646956218385,0.0259117454515999
