"","missingness_level","KNN_PFC","KNN_SE"
"1",0.1,0.166629424497072,0.0174315820181987
"2",0.2,0.176712561947856,0.0185317193126192
"3",0.3,0.193479060405564,0.0156537820629379
"4",0.4,0.190549761770542,0.0161358428632633
