"","missingness_level","RF_PFC","RF_SE"
"1",0.1,0.257101449275362,0.00376811594202897
