"","missingness_level","RF_PFC","RF_SE"
"1",0.1,0.389328063241107,0.0579223355326199
"2",0.2,0.282598039215686,0.023925636507229
"3",0.3,0.376488376488377,0.0398008476224233
"4",0.4,0.365459619745334,0.0309275360925243
