"","missingness_level","RF_PFC","RF_SE"
"1","MAR",0.0853658536585366,0.0853658536585366
