"","missingness_level","MICE_PFC","MICE_SE"
"1",0.1,0.260504201680672,0.0252100840336134
