"","missingness_level","MICE_PFC","MICE_SE"
"1",0.1,0.345893719806763,0.028317586260392
"2",0.2,0.289338235294118,0.0739531296397005
"3",0.3,0.316732816732817,0.0048556049472517
"4",0.4,0.282005930577359,0.0514066365541843
