"","missingness_level","RF_PFC","RF_SE"
"1","MAR",0.114599582305246,0.0172148432930138
