"","missingness_level","MICE_PFC","MICE_SE"
"1",0.1,0.361359498344792,0.0319036249163001
"2",0.2,0.325334491488903,0.0404773298605534
"3",0.3,0.29587067061163,0.0318578428267142
"4",0.4,0.299371800842199,0.0274883748141804
