"","missingness_level","RF_PFC","RF_SE"
"1",0.1,0.189814814814815,0.0411490482283129
"2",0.2,0.137826797385621,0.0503369424669736
"3",0.3,0.165894915894916,0.0446133117915011
"4",0.4,0.146729461015175,0.0364785684961253
