"","missingness_level","MeanMode_PFC","MeanMode_SE"
"1",0.1,0.378320720200516,0.0267453855726868
"2",0.2,0.39187666837895,0.0165060653744344
"3",0.3,0.407570847059338,0.0125426444684993
"4",0.4,0.401626039619413,0.0114908113146122
