"","missingness_level","RF_PFC","RF_SE"
"1","MAR",0.111415070242656,0.0174050848377813
