"","missingness_level","RF_PFC","RF_SE"
"1","MAR",0.0915862840862841,0.018225169872875
