"","missingness_level","KNN_PFC","KNN_SE"
"1",0.1,0.0714285714285714,0.0714285714285714
