"","missingness_level","RF_PFC","RF_SE"
"1","MAR",0.116059447128288,0.0532453409782812
