"","missingness_level","RF_PFC","RF_SE"
"1",0.1,0.12822542653425,0.0190093717775186
"2",0.2,0.140504812181283,0.0190274947321329
"3",0.3,0.156475758674066,0.0141515874705297
"4",0.4,0.156284408965415,0.0145365109253938
