"","missingness_level","RF_PFC","RF_SE"
"1","MAR",0.129756097560976,0.0897560975609756
