"","missingness_level","MICE_PFC","MICE_SE"
"1",0.1,0.353174603174603,0.0753968253968254
