"","missingness_level","MICE_PFC","MICE_SE"
"1",0.1,0.307829740591889,0.0304400638616665
"2",0.2,0.297329706241471,0.0323730043737617
"3",0.3,0.324872082446765,0.0229511600772796
"4",0.4,0.307321348006329,0.0296902559959983
