"","missingness_level","MICE_MSE","MICE_SE"
"1",0.1,0.088114000190946,0.0340558588196035
"2",0.2,0.0472837711652115,0.00911276690092394
"3",0.3,0.115999329326151,0.0335957475568055
"4",0.4,0.129629551148199,0.0209202871442823
