"","missingness_level","RF_MSE","RF_SE"
"1","MNAR",0.515898876485556,0.00124669581856435
