"","missingness_level","RF_MSE","RF_SE"
"1","MAR",0.140798912727923,0.00126235913584675
