"","missingness_level","RF_MSE","RF_SE"
"1","MAR",0.11867636744627,0.00717643954489056
