"","missingness_level","RF_MSE","RF_SE"
"1",0.1,0.0557835099116984,0.0078196495992877
"2",0.2,0.0843065116016433,0.0124226828578358
"3",0.3,0.108407142250136,0.0122231093607577
"4",0.4,0.122801154776481,0.0124334811583322
