"","missingness_level","MICE_MSE","MICE_SE"
"1",0.1,0.0487634946632803,0.00898007474417986
