"","missingness_level","RF_MSE","RF_SE"
"1","MNAR",0.497005951661347,0.000763806778716236
