"","missingness_level","KNN_MSE","KNN_SE"
"1",0.1,0.0905980132237642,0.0208775119900887
"2",0.2,0.1445549970541,0.0252971192228952
"3",0.3,0.143390308312252,0.0284303890381706
"4",0.4,0.18145826454049,0.011353308364526
