"","missingness_level","KNN_MSE","KNN_SE"
"1",0.1,0.0660214504881366,0.0111451991813519
"2",0.2,0.151299529100156,0.0389159217539568
"3",0.3,0.231464584010801,0.0411353208839718
"4",0.4,0.2331012424842,0.0298329446856871
