"","missingness_level","RF_MSE","RF_SE"
"1","MAR",0.118927709020694,0.00984086450415832
