"","missingness_level","RF_MSE","RF_SE"
"1","MNAR",0.494933515427156,0.00143415829518341
