"","missingness_level","MICE_MSE","MICE_SE"
"1",0.1,0.0995496751830216,0.0398346330940449
"2",0.2,0.106262493740754,0.0172244274834583
"3",0.3,0.126734838290887,0.0200484841233652
"4",0.4,0.152991134250432,0.0129641544858578
