"","missingness_level","RF_MSE","RF_SE"
"1","MAR",0.0338498437779364,0.00248944942179994
