"","missingness_level","KNN_MSE","KNN_SE"
"1",0.1,0.131522464241845,0.0189614807171235
