"","missingness_level","RF_MSE","RF_SE"
"1",0.1,0.135799847637848,0.0134888677161452
"2",0.2,0.107865284076699,0.0137037635540442
"3",0.3,0.133557249407406,0.011116159878731
"4",0.4,0.13716745605352,0.00875897513372887
