"","missingness_level","RF_MSE","RF_SE"
"1","MNAR",0.513251264436713,0.00375763336827401
