"","missingness_level","RF_MSE","RF_SE"
"1",0.1,0.0593934877949081,0.0070232457992619
