"","missingness_level","RF_MSE","RF_SE"
"1",0.1,0.0758906399148931,0.00814660227881063
"2",0.2,0.0783679076323021,0.0134346374848554
"3",0.3,0.12256376657039,0.0198762501076088
"4",0.4,0.127280522355606,0.0105279329085869
