"","missingness_level","RF_MSE","RF_SE"
"1",0.1,0.138026700086549,0.0248766844906172
"2",0.2,0.138396502816314,0.0124605748222108
"3",0.3,0.162330149939617,0.0168183169208573
"4",0.4,0.158028141120653,0.0104548334809856
