"","missingness_level","KNN_MSE","KNN_SE"
"1",0.1,0.123977622940363,0.0150089132853906
"2",0.2,0.148384417417781,0.0155920519479195
"3",0.3,0.185732481111787,0.0168334752189568
"4",0.4,0.184838296832737,0.0133451893894096
