"","missingness_level","MICE_MSE","MICE_SE"
"1",0.1,0.0564960068719775,0.0113826880418107
"2",0.2,0.0779296551603037,0.0020952665742265
"3",0.3,0.119014237176964,0.0113642656403566
"4",0.4,0.129585493518043,0.011417746898048
