"","missingness_level","MICE_MSE","MICE_SE"
"1",0.1,0.0316885199801453,0.0168325653241043
"2",0.2,0.0862767171345831,0.0201689111189217
"3",0.3,0.120270383952563,0.00545284476306692
"4",0.4,0.138786669680545,0.00620910840381399
