"","missingness_level","RF_MSE","RF_SE"
"1","MAR",0.10456848009743,0.00664481615912264
