"","missingness_level","RF_MSE","RF_SE"
"1","MAR",0.0414940328638899,0.00371798163114361
