"","missingness_level","KNN_MSE","KNN_SE"
"1",0.1,0.128383369550296,0.00270824523589583
