"","missingness_level","KNN_MSE","KNN_SE"
"1",0.1,0.0999848888042089,0.0154788556619971
"2",0.2,0.171779884046452,0.0167640853503812
"3",0.3,0.16620599698798,0.0157872031928179
"4",0.4,0.191759803601889,0.0143075949506451
