"","missingness_level","RF_MSE","RF_SE"
"1","MAR",0.131741297666236,0.00933889574251478
