"","missingness_level","MICE_MSE","MICE_SE"
"1",0.1,0.0802209155013713,0.0660292111479885
