"","missingness_level","KNN_MSE","KNN_SE"
"1",0.1,0.118556069948229,0.0167487778117256
"2",0.2,0.157858363740116,0.0253273174672491
"3",0.3,0.18241532965225,0.0150965054689351
"4",0.4,0.198336026792285,0.0103191387546663
