"","missingness_level","RF_MSE","RF_SE"
"1","MNAR",0.485825066487086,0.00152139629631183
