"","missingness_level","RF_MSE","RF_SE"
"1",0.1,0.085960960440053,0.0433155721722159
"2",0.2,0.0979858440031634,0.027036519301176
"3",0.3,0.122884570374419,0.00819404266030549
"4",0.4,0.143670113481326,0.0157700554179955
