"","missingness_level","RF_MSE","RF_SE"
"1",0.1,0.074644214562022,0.00733966525892474
"2",0.2,0.0749091141028245,0.0247658893008268
"3",0.3,0.157283216905253,0.0357374562210345
"4",0.4,0.138543899672686,0.0173630258687662
