"","missingness_level","MeanMode_MSE","MeanMode_SE"
"1",0.1,0.318726227244818,0.0910121600850092
"2",0.2,0.320016937632481,0.0792455538673806
"3",0.3,0.275338813300589,0.0364664638677246
"4",0.4,0.297245584749783,0.0252992536341055
