"","missingness_level","KNN_MSE","KNN_SE"
"1",0.1,0.15460516120232,0.0527106947554539
