"","missingness_level","RF_MSE","RF_SE"
"1",0.1,0.109924457182935,0.037336801586823
