"","missingness_level","RF_MSE","RF_SE"
"1","MNAR",0.24414023289908,0.000788392760537109
