"","missingness_level","MICE_MSE","MICE_SE"
"1",0.1,0.0989053864736253,0.0207866947834502
