"","missingness_level","MICE_MSE","MICE_SE"
"1",0.1,0.111920890230893,0.0423403888510796
"2",0.2,0.084796613088529,0.00976021682243229
"3",0.3,0.123119901430214,0.0119023433006681
"4",0.4,0.126331835562286,0.0137783050338424
