"","missingness_level","RF_MSE","RF_SE"
"1","MNAR",0.254732404358931,0.000847687583559007
