"","missingness_level","KNN_MSE","KNN_SE"
"1",0.1,0.176397843941883,0.0212431467610934
"2",0.2,0.148164693351624,0.0195878464166558
"3",0.3,0.169572823197754,0.0104611426587792
"4",0.4,0.182155922576616,0.014117779638974
