"","missingness_level","RF_MSE","RF_SE"
"1",0.1,0.0411625850923623,0.0194690696200423
"2",0.2,0.104373337711474,0.0331736502296016
"3",0.3,0.136128695854263,0.0211353049407959
"4",0.4,0.155903534142416,0.00946943102753979
