"","missingness_level","KNN_MSE","KNN_SE"
"1",0.1,0.105774233309946,0.0157184463110006
