"","missingness_level","RF_MSE","RF_SE"
"1","MNAR",0.453048882772775,0.00452197373018307
