"","missingness_level","RF_MSE","RF_SE"
"1","MNAR",0.499795889223651,0.00145070698737915
