"","missingness_level","MICE_MSE","MICE_SE"
"1",0.1,0.0451336404512267,0.00746412931124168
