"","missingness_level","MICE_MSE","MICE_SE"
"1",0.1,0.0888255950527907,0.0304690053980182
"2",0.2,0.0865725158216028,0.00749987668005638
"3",0.3,0.108543860134093,0.00912659886368727
"4",0.4,0.11740458954707,0.00886390970423726
