"","missingness_level","RF_MSE","RF_SE"
"1",0.1,0.025393857705062,0.00367726576567585
