"","missingness_level","RF_MSE","RF_SE"
"1",0.1,0.0736369403319151,0.0143224803507112
"2",0.2,0.0887466240388259,0.011686702225349
"3",0.3,0.115465786592035,0.0069560792955539
"4",0.4,0.123298137394278,0.00806312937003922
