"","missingness_level","MeanMode_MSE","MeanMode_SE"
"1",0.1,0.3337447180447,0.0429603261955338
"2",0.2,0.30818233516776,0.0288335430884303
"3",0.3,0.30211399913752,0.0179876301371194
"4",0.4,0.293770341697727,0.0133899708918564
