"","missingness_level","RF_MSE","RF_SE"
"1",0.1,0.112659536173071,0.0893737986057975
