"","missingness_level","RF_MSE","RF_SE"
"1","MAR",0.0404751348111609,0.00764836328829488
