"","missingness_level","KNN_MSE","KNN_SE"
"1",0.1,0.0979372307148774,0.0339823162329492
"2",0.2,0.142855270084426,0.0300210283162922
"3",0.3,0.205337059016019,0.014243167515566
"4",0.4,0.204004886494716,0.025518651839648
