"","missingness_level","RF_MSE","RF_SE"
"1","MAR",0.0945184253730911,0.00829637298183217
