"","missingness_level","RF_MSE","RF_SE"
"1","MAR",0.140245237913507,0.0104379205467206
