"","missingness_level","MeanMode_PFC","MeanMode_SE"
"1",0.1,0.45825635767741,0.0409918006614017
"2",0.2,0.453752284752285,0.0176688367039117
"3",0.3,0.461654409017529,0.0128010156873671
"4",0.4,0.487447772285968,0.0180700433964476
