"","missingness_level","KNN_PFC","KNN_SE"
"1",0.1,0.138158433671592,0.0148541310845947
"2",0.2,0.15756990637446,0.0159250697986317
"3",0.3,0.196342976046913,0.0190167188881936
"4",0.4,0.189880926523784,0.0188559866138265
