"","missingness_level","MICE_PFC","MICE_SE"
"1",0.1,0.104700854700855,0.0674686042899442
"2",0.2,0.145697167755991,0.031374865640079
"3",0.3,0.155514504652436,0.0417564460304943
"4",0.4,0.164905814905815,0.0487668224721077
