"","missingness_level","MICE_PFC","MICE_SE"
"1",0.1,0.106837606837607,0.0535468550689815
"2",0.2,0.114197530864198,0.0764161629823454
"3",0.3,0.164244663382594,0.0324447858594368
"4",0.4,0.189200889200889,0.0270562637751794
