"","missingness_level","RF_PFC","RF_SE"
"1",0.1,0.106145275776855,0.0264950057440135
"2",0.2,0.123972590414716,0.0208884895762853
"3",0.3,0.175577977601681,0.0205162270328452
"4",0.4,0.170789389075103,0.0147421165250668
