"","missingness_level","MICE_PFC","MICE_SE"
"1",0.1,0.247474747474747,0.0252525252525252
