"","missingness_level","MICE_PFC","MICE_SE"
"1",0.1,0.140734200010516,0.0262727246215884
"2",0.2,0.126243054155768,0.0148624122687674
"3",0.3,0.166696680945853,0.0149560705749366
"4",0.4,0.178911705911706,0.0181001032824345
