"","missingness_level","MICE_PFC","MICE_SE"
"1",0.1,0.0454545454545455,0.0454545454545455
