"","missingness_level","MICE_PFC","MICE_SE"
"1",0.1,0.167190918730392,0.0398626825492725
"2",0.2,0.146788162466531,0.0255555099211895
"3",0.3,0.150164068296708,0.01617369945705
"4",0.4,0.165251345751346,0.0186009852308661
