"","missingness_level","KNN_PFC","KNN_SE"
"1",0.1,0.343879173290938,0.0615262321144674
