"","missingness_level","MICE_PFC","MICE_SE"
"1",0.1,0.362400635930048,0.0565182829888712
