"","missingness_level","RF_PFC","RF_SE"
"1",0.1,0.0534188034188034,0.0267734275344907
"2",0.2,0.0524691358024691,0.0263703819299924
"3",0.3,0.0547345374931582,0.0283987340362843
"4",0.4,0.0751316251316251,0.0304902669685644
