"","missingness_level","KNN_PFC","KNN_SE"
"1",0.1,0.0559440559440559,0.0282619012890027
"2",0.2,0.0901416122004357,0.0243107994623876
"3",0.3,0.184496442255063,0.0696053393739484
"4",0.4,0.201430326430326,0.0397980830636209
