"","missingness_level","KNN_PFC","KNN_SE"
"1",0.1,0.202020202020202,0.0202020202020202
