"","missingness_level","RF_PFC","RF_SE"
"1",0.1,0.139277389277389,0.0555083313288115
"2",0.2,0.127178649237473,0.0523393273818653
"3",0.3,0.184824849480022,0.0549206077142792
"4",0.4,0.162387387387387,0.0216509279616491
