"","missingness_level","RF_PFC","RF_SE"
"1","MNAR",0.0579710144927536,0.0144927536231884
