"","missingness_level","RF_PFC","RF_SE"
"1",0.1,0.0512820512820513,0.0512820512820513
"2",0.2,0.0524691358024691,0.0263703819299924
"3",0.3,0.0753831417624521,0.0457237797977097
"4",0.4,0.117286767286767,0.024365397966525
