"","missingness_level","KNN_PFC","KNN_SE"
"1",0.1,0.101010101010101,0.0101010101010101
