"","missingness_level","KNN_PFC","KNN_SE"
"1",0.1,0.0876120589936379,0.0288758183038399
"2",0.2,0.0899737245325481,0.0219497117169343
"3",0.3,0.162166265619988,0.025974376035459
"4",0.4,0.158037224608653,0.0230713044059704
