"","missingness_level","KNN_PFC","KNN_SE"
"1",0.1,0.211538461538462,0.112682024559275
"2",0.2,0.267156862745098,0.0469113634639072
"3",0.3,0.288409961685824,0.0408276381625548
"4",0.4,0.357321282321282,0.0242908771202988
