"","missingness_level","RF_PFC","RF_SE"
"1","MNAR",0.0739130434782609,0.0172091914304897
