"","missingness_level","RF_PFC","RF_SE"
"1",0.1,0.094935319066898,0.0251991796560568
"2",0.2,0.0851777904434451,0.0201598935369905
"3",0.3,0.110254450691402,0.0202803997527076
"4",0.4,0.129458371601229,0.0169334037367701
