"","missingness_level","MICE_PFC","MICE_SE"
"1",0.1,0.313131313131313,0.131313131313131
