"","missingness_level","MICE_PFC","MICE_SE"
"1",0.1,0.2177003259898,0.0340748183828908
"2",0.2,0.178821368911502,0.0208512636722524
"3",0.3,0.213994758856168,0.0211754434483529
"4",0.4,0.199011763940335,0.019934391062699
