"","missingness_level","RF_PFC","RF_SE"
"1",0.1,0.270429252782194,0.000158982511923672
