"","missingness_level","KNN_PFC","KNN_SE"
"1",0.1,0.0811965811965812,0.0481599473059173
"2",0.2,0.0648148148148148,0.033384734032074
"3",0.3,0.0638888888888889,0.051893171367415
"4",0.4,0.150160875160875,0.0480644691116494
