"","missingness_level","RF_PFC","RF_SE"
"1",0.1,0.0555555555555556,0.0555555555555555
