"","missingness_level","MeanMode_PFC","MeanMode_SE"
"1",0.1,0.493395493395493,0.105431876487854
"2",0.2,0.409453262786596,0.0170762454106341
"3",0.3,0.447679683078664,0.0157263903832508
"4",0.4,0.517854279759042,0.0560516728875308
