"","missingness_level","RF_PFC","RF_SE"
"1",0.1,0.0555555555555556,0.0555555555555556
"2",0.2,0.0123456790123457,0.0123456790123457
"3",0.3,0.0595101258894362,0.0298943444842837
"4",0.4,0.0870919620919621,0.0030417569380518
