"","missingness_level","KNN_MSE","KNN_SE"
"1",0.1,0.0776360296171584,0.0179518499486955
