"","missingness_level","KNN_MSE","KNN_SE"
"1",0.1,0.0904327418639568,0.051607463081412
