"","missingness_level","RF_MSE","RF_SE"
"1","MAR",0.278027285736192,0.0176462501797385
