"","missingness_level","MICE_MSE","MICE_SE"
"1",0.1,0.269078445025024,0.0767721906179105
"2",0.2,0.940443196421609,0.42757741467773
"3",0.3,0.658743542060939,0.154112766356379
"4",0.4,0.516533783966999,0.0685886743825101
