"","missingness_level","RF_MSE","RF_SE"
"1","MAR",0.163689580651782,0.0163110344158928
