"","missingness_level","RF_MSE","RF_SE"
"1","MAR",0.192427682540173,0.0129994189692786
