"","missingness_level","RF_MSE","RF_SE"
"1",0.1,0.255087147355757,0.0586852970376593
"2",0.2,0.282269038273243,0.0486010307890119
"3",0.3,0.266019849303167,0.0242116950399503
"4",0.4,0.257910221485612,0.023087335483304
