"","missingness_level","RF_MSE","RF_SE"
"1",0.1,0.23949845838082,0.0853333044398163
"2",0.2,0.413249527830257,0.130187295497996
"3",0.3,0.320386783674342,0.0435072098426333
"4",0.4,0.321943268456537,0.0348848464611541
