"","missingness_level","MICE_MSE","MICE_SE"
"1",0.1,0.866105974440117,0.220631590992978
"2",0.2,0.773309185881808,0.128978489423801
"3",0.3,0.598371120594912,0.0652066630766121
"4",0.4,0.579000486792009,0.0460314106724696
