"","missingness_level","RF_MSE","RF_SE"
"1","MAR",0.395989657788411,0.0372889429393492
