"","missingness_level","RF_MSE","RF_SE"
"1",0.1,0.307988995334057,0.0611104527635731
