"","missingness_level","RF_MSE","RF_SE"
"1",0.1,0.0678590485349912,0.0292129099431673
