"","missingness_level","RF_MSE","RF_SE"
"1",0.1,0.275690490202509,0.0374923263456741
"2",0.2,0.321847550579579,0.0304117055141895
"3",0.3,0.375388807726491,0.0387535825723632
"4",0.4,0.475435923610606,0.0290246160844244
