"","missingness_level","RF_MSE","RF_SE"
"1","MNAR",0.0760463800336146,0.00433276151849744
