"","missingness_level","MeanMode_MSE","MeanMode_SE"
"1",0.1,0.554655466961817,0.0439407520846734
"2",0.2,0.545914368137883,0.0241064302930366
"3",0.3,0.638895918833379,0.0325323464641024
"4",0.4,0.679026632925735,0.0391273662422743
