"","missingness_level","KNN_MSE","KNN_SE"
"1",0.1,0.460839888985434,0.139419017072449
