"","missingness_level","RF_MSE","RF_SE"
"1",0.1,0.287897222258271,0.133892314333858
