"","missingness_level","RF_MSE","RF_SE"
"1",0.1,0.323294902256716,0.0773750584800171
