"","missingness_level","MICE_MSE","MICE_SE"
"1",0.1,0.404210368353939,0.0876130443612777
"2",0.2,0.448946733722991,0.0737626019639859
"3",0.3,0.474049812608836,0.0614882773032466
"4",0.4,0.396832022509052,0.0493923740473155
