"","missingness_level","RF_MSE","RF_SE"
"1","MAR",0.252196892920713,0.0309146237567041
