"","missingness_level","RF_MSE","RF_SE"
"1","MAR",0.307809888753645,0.00992786771918402
