"","missingness_level","MICE_MSE","MICE_SE"
"1",0.1,0.289130264754149,0.0442384020046306
"2",0.2,0.34815655096268,0.0377245133632604
"3",0.3,0.374447356121089,0.026490389437033
"4",0.4,0.403703667511775,0.0218799511136307
