"","missingness_level","KNN_MSE","KNN_SE"
"1",0.1,0.30222761479395,0.0214958968684191
"2",0.2,0.511556682263864,0.117570661529879
"3",0.3,0.715320934089427,0.044446101106189
"4",0.4,0.75178780929974,0.0894997474568465
