"","missingness_level","KNN_MSE","KNN_SE"
"1",0.1,0.173238934844439,0.0367247796937836
"2",0.2,0.447502093071714,0.0956616599761693
"3",0.3,0.441832523919716,0.0814280364705715
"4",0.4,0.450882093707845,0.0337699581860773
