"","missingness_level","MICE_MSE","MICE_SE"
"1",0.1,0.433464976841761,0.150649027150177
