"","missingness_level","MICE_MSE","MICE_SE"
"1",0.1,0.39315465720701,0.0899794868664597
"2",0.2,0.349927789548381,0.0564777292607676
"3",0.3,0.386943469045067,0.0151083569740534
"4",0.4,0.420146963201467,0.038113433947021
