"","missingness_level","KNN_MSE","KNN_SE"
"1",0.1,0.155536618416039,0.0569444469610383
"2",0.2,0.266516843905646,0.064212212999025
"3",0.3,0.301703217599459,0.0200154540671201
"4",0.4,0.312831271322826,0.0274952484832563
