"","missingness_level","MICE_MSE","MICE_SE"
"1",0.1,0.325002175494914,0.0928600787261448
