"","missingness_level","RF_MSE","RF_SE"
"1",0.1,0.202196049776363,0.0405844813390731
"2",0.2,0.297816060822095,0.0481473767531052
"3",0.3,0.299265739187667,0.0303268919321011
"4",0.4,0.29071065720792,0.0273974998817767
