"","missingness_level","MICE_MSE","MICE_SE"
"1",0.1,0.270383047721794,0.07759909927464
"2",0.2,0.570014373023631,0.215728047852895
"3",0.3,0.540042213189341,0.131704395399713
"4",0.4,0.425614612143993,0.0704271817101958
