"","missingness_level","RF_MSE","RF_SE"
"1",0.1,0.110071410067651,0.0259264568567169
"2",0.2,0.387560924552143,0.0999617639540019
"3",0.3,0.357784231539165,0.0490363306922411
"4",0.4,0.304186878579801,0.0462301260411494
