"","missingness_level","MICE_MSE","MICE_SE"
"1",0.1,0.689881284418127,0.414277018505581
