"","missingness_level","KNN_MSE","KNN_SE"
"1",0.1,0.249911739363502,0.0366754150553328
"2",0.2,0.298213439388453,0.0579177328383655
"3",0.3,0.380310756544459,0.0356410708124926
"4",0.4,0.413235221716588,0.0219407946968274
