"","missingness_level","KNN_MSE","KNN_SE"
"1",0.1,0.254343515901149,0.00363162432051375
