"","missingness_level","RF_MSE","RF_SE"
"1","MNAR",0.397858405701089,0.00695477633953956
