"","missingness_level","KNN_MSE","KNN_SE"
"1",0.1,0.219876126524176,0.0918331681979428
"2",0.2,0.271707965346307,0.102560987592763
"3",0.3,0.312508287734544,0.0114241195375747
"4",0.4,0.317201975638108,0.0274054898934838
