"","missingness_level","MICE_MSE","MICE_SE"
"1",0.1,0.0631305321566322,0.0353025033007164
