"","missingness_level","KNN_MSE","KNN_SE"
"1",0.1,0.316345969233618,0.0323977767669738
"2",0.2,0.549906970950764,0.0464409224151862
"3",0.3,0.65885054400938,0.0535385248422897
"4",0.4,0.70137223123012,0.0556053602091788
