"","missingness_level","RF_MSE","RF_SE"
"1","MAR",0.260956744011998,0.0438394516199456
