"","missingness_level","RF_MSE","RF_SE"
"1","MAR",0.0683729997644289,0.0273972824937375
