"","missingness_level","KNN_MSE","KNN_SE"
"1",0.1,0.232064927326188,0.0487418774035928
"2",0.2,0.262156197399801,0.0359906983363279
"3",0.3,0.275459426084481,0.0201530865412245
"4",0.4,0.301508964515058,0.0257624744916593
