"","missingness_level","RF_MSE","RF_SE"
"1",0.1,0.185143062871629,0.0340576882081508
"2",0.2,0.201527020083007,0.0381783504234609
"3",0.3,0.209947953918349,0.0200242626299507
"4",0.4,0.211334887765113,0.0201329175783662
