"","missingness_level","RF_MSE","RF_SE"
"1","MAR",0.410721980215098,0.00891870319195157
