"","missingness_level","KNN_MSE","KNN_SE"
"1",0.1,0.211250160910332,0.0264324982764171
"2",0.2,0.212679683355265,0.0300436883407141
"3",0.3,0.253984052339531,0.0201140821417359
"4",0.4,0.290002621797292,0.0213289920843094
