"","missingness_level","RF_MSE","RF_SE"
"1","MAR",0.310482954764854,0.0189232021440202
