"","missingness_level","MICE_MSE","MICE_SE"
"1",0.1,0.386134672494872,0.068294607680066
"2",0.2,0.423387804674795,0.116326155732734
"3",0.3,0.453607138906546,0.0941077170932046
"4",0.4,0.419929989647969,0.0621521240062638
