"","missingness_level","KNN_MSE","KNN_SE"
"1",0.1,0.100484340595445,0.0272012508932615
