"","missingness_level","RF_MSE","RF_SE"
"1","MAR",0.200121496409414,0.0369841083426242
