"","missingness_level","KNN_MSE","KNN_SE"
"1",0.1,0.335303328308533,0.0342465930217895
