"","missingness_level","RF_MSE","RF_SE"
"1",0.1,0.394747943810481,0.146540390017533
"2",0.2,0.30839710513307,0.108326270298414
"3",0.3,0.230848054681724,0.0433700285107892
"4",0.4,0.278704906543886,0.0464476863950779
