"","missingness_level","KNN_MSE","KNN_SE"
"1",0.1,0.292712751876444,0.0466107652551491
"2",0.2,0.302755746965356,0.0362477049683541
"3",0.3,0.238221524324719,0.025266680361996
"4",0.4,0.291761198598065,0.0269403108798567
