"","missingness_level","RF_MSE","RF_SE"
"1",0.1,0.149809371337106,0.0802675795245619
