"","missingness_level","RF_MSE","RF_SE"
"1","MNAR",0.0723824357626571,0.00576272783071421
