"","missingness_level","RF_MSE","RF_SE"
"1",0.1,0.24513220514644,0.0423439372735514
"2",0.2,0.239819238504747,0.0389474165880631
"3",0.3,0.216911050922808,0.0272021713302577
"4",0.4,0.227808995751906,0.0251229998791305
