"","missingness_level","RF_MSE","RF_SE"
"1",0.1,0.389730096987235,0.0189658309342886
