"","missingness_level","MICE_MSE","MICE_SE"
"1",0.1,0.430594590566385,0.172824449393943
