"","missingness_level","RF_MSE","RF_SE"
"1",0.1,0.344418914370595,0.0858521496723881
"2",0.2,0.305213563292873,0.0993662180487495
"3",0.3,0.265657148451887,0.0510138657283974
"4",0.4,0.291844531337945,0.050858226852808
