"","missingness_level","MICE_MSE","MICE_SE"
"1",0.1,0.37908010639072,0.0220061090558166
