"","missingness_level","RF_MSE","RF_SE"
"1","MAR",0.200874393767168,0.0381679738235346
