"","missingness_level","MICE_MSE","MICE_SE"
"1",0.1,0.435487873927608,0.0911756836312731
"2",0.2,0.435051098397076,0.0741330288774477
"3",0.3,0.422144722587228,0.0499526783885361
"4",0.4,0.426919905545596,0.0436070449602118
