"","missingness_level","RF_MSE","RF_SE"
"1",0.1,0.132816331801063,0.0468496683996494
