"","missingness_level","RF_MSE","RF_SE"
"1",0.1,0.58225039144702,0.422325492247261
