"","missingness_level","RF_MSE","RF_SE"
"1",0.1,0.520931014126981,0.15712628071731
"2",0.2,0.49395563949035,0.082643343211806
"3",0.3,0.495702604129992,0.0515315956886602
"4",0.4,0.520761975684606,0.0472424487798239
