"","missingness_level","MeanMode_MSE","MeanMode_SE"
"1",0.1,0.832743305896655,0.520370954065054
"2",0.2,0.757351060035674,0.220487867002768
"3",0.3,0.725449428817389,0.0595282500603591
"4",0.4,0.703024357871008,0.0394768529711992
