"","missingness_level","MICE_MSE","MICE_SE"
"1",0.1,0.361217814880824,0.0994853454163877
"2",0.2,0.59738064069711,0.27274819286206
"3",0.3,0.561161619994354,0.158730450994762
"4",0.4,0.452426134912405,0.0389736521229961
