"","missingness_level","RF_MSE","RF_SE"
"1",0.1,0.205520859052881,0.0296140201283465
"2",0.2,0.194159539759189,0.0343617846769177
"3",0.3,0.191095675347203,0.0277308661181929
"4",0.4,0.220685721940481,0.0256514351631828
