"","missingness_level","MICE_MSE","MICE_SE"
"1",0.1,1.00075817585636,0.528105028921923
