"","missingness_level","RF_MSE","RF_SE"
"1","MNAR",0.149477159034142,0.00366164820181349
