"","missingness_level","MICE_MSE","MICE_SE"
"1",0.1,0.600353378841782,0.366569336553189
