"","missingness_level","RF_MSE","RF_SE"
"1","MNAR",0.0844883272094997,0.00332308175250615
