"","missingness_level","KNN_MSE","KNN_SE"
"1",0.1,0.457679980387409,0.256244889163947
