"","missingness_level","RF_MSE","RF_SE"
"1","MNAR",0.270162252799254,0.00114887096841912
