"","missingness_level","RF_MSE","RF_SE"
"1","MAR",0.236981814694898,0.0437809642000551
