"","missingness_level","MICE_MSE","MICE_SE"
"1",0.1,0.449906852285207,0.0844085698359488
"2",0.2,0.349614830938117,0.0464041555568635
"3",0.3,0.443346088386529,0.056669138118965
"4",0.4,0.523522641998977,0.0797095343243565
