"","missingness_level","RF_MSE","RF_SE"
"1","MAR",0.186184296321934,0.0396373223795454
