"","missingness_level","RF_MSE","RF_SE"
"1",0.1,0.294400907767389,0.0538420017859843
"2",0.2,0.253628976207233,0.0427692952662114
"3",0.3,0.225548256081977,0.0319072238936737
"4",0.4,0.252240417859998,0.0273148645772168
