"","missingness_level","RF_MSE","RF_SE"
"1","MNAR",0.125240102498799,0.00195639725929882
