"","missingness_level","KNN_MSE","KNN_SE"
"1",0.1,0.152055679495421,0.0271442270007629
