"","missingness_level","RF_MSE","RF_SE"
"1","MNAR",0.122668097747924,0.00102128762227224
