"","missingness_level","KNN_MSE","KNN_SE"
"1",0.1,0.322020957607695,0.0630085217679717
"2",0.2,0.299045823927404,0.0750919252443432
"3",0.3,0.229450388667567,0.0182303376781108
"4",0.4,0.296644480956026,0.0340906161672597
