"","missingness_level","KNN_MSE","KNN_SE"
"1",0.1,0.42058691039296,0.139794335160125
"2",0.2,0.458375895830515,0.0716685071684954
"3",0.3,0.449985506888425,0.0460261646706566
"4",0.4,0.486990145707121,0.0458853744624841
