"","missingness_level","MICE_MSE","MICE_SE"
"1",0.1,0.637143390809728,0.0631631302174603
"2",0.2,0.373500381519964,0.0668429423682055
"3",0.3,0.560682698343812,0.0872166503676711
"4",0.4,0.419194184481227,0.0627336780002528
