"","missingness_level","KNN_MSE","KNN_SE"
"1",0.1,0.335980010453507,0.125532557129305
"2",0.2,0.280118347388925,0.0336875383925038
"3",0.3,0.227279338798824,0.0275148131494323
"4",0.4,0.280825611884572,0.0694380397985238
