"","missingness_level","RF_MSE","RF_SE"
"1","MNAR",0.0727301102232104,0.00132893601842446
