"","missingness_level","KNN_MSE","KNN_SE"
"1",0.1,0.620269200183952,0.412205459673272
"2",0.2,0.505580625283437,0.201568701710228
"3",0.3,0.464860434326906,0.118395545276436
"4",0.4,0.504668273449622,0.111018207857442
