"","missingness_level","KNN_MSE","KNN_SE"
"1",0.1,0.338633329575159,0.166285163787942
"2",0.2,0.325596647437689,0.0565677844869835
"3",0.3,0.253009704229743,0.0145107352455105
"4",0.4,0.378188947025517,0.0400886957731936
