"","missingness_level","RF_MSE","RF_SE"
"1","MNAR",0.267312749391995,0.00287706334025725
