"","missingness_level","KNN_MSE","KNN_SE"
"1",0.1,0.228236048540763,0.0482207214173962
"2",0.2,0.286768323383777,0.0279224472612179
"3",0.3,0.247033619773925,0.0339235876621875
"4",0.4,0.275105418997835,0.037858011631339
