"","missingness_level","RF_MSE","RF_SE"
"1",0.1,0.273777178043634,0.0670628738271539
"2",0.2,0.230811221539544,0.067741082173088
"3",0.3,0.216193261075353,0.0449473453110912
"4",0.4,0.260365250334453,0.0369364924369749
