"","missingness_level","MeanMode_MSE","MeanMode_SE"
"1",0.1,0.660804746596094,0.156646984606976
"2",0.2,0.669155021033194,0.0772451614917033
"3",0.3,0.635417185857428,0.0530217476408317
"4",0.4,0.646113190968653,0.0471862948130924
