"","missingness_level","RF_MSE","RF_SE"
"1","MNAR",0.127837897994938,0.00705035655790356
