"","missingness_level","MICE_MSE","MICE_SE"
"1",0.1,0.360226410118926,0.115437141656934
"2",0.2,0.401497017159675,0.0498228506632813
"3",0.3,0.459589699067912,0.071261007399219
"4",0.4,0.439129182419103,0.0608407750182747
