"","missingness_level","MICE_MSE","MICE_SE"
"1",0.1,0.132746021397775,0.0288181254754567
"2",0.2,0.177761976102101,0.0946901549130784
"3",0.3,0.177483956439932,0.0554579842292863
"4",0.4,0.165100759824114,0.0218198630922988
