"","missingness_level","RF_MSE","RF_SE"
"1",0.1,0.106993637272896,0.00973321507681032
"2",0.2,0.117116629311114,0.014183619418606
"3",0.3,0.146292163603357,0.0232278717578729
"4",0.4,0.139547149963101,0.0105738278211268
