"","missingness_level","RF_MSE","RF_SE"
"1","MNAR",0.544510341365089,0.00801152037483821
