"","missingness_level","MICE_MSE","MICE_SE"
"1",0.1,0.0649901230653419,0.0118446451339409
"2",0.2,0.100775688713563,0.0143571594094284
"3",0.3,0.143437233608626,0.0168833373314851
"4",0.4,0.147265981926001,0.0143853506330229
