"","missingness_level","MICE_MSE","MICE_SE"
"1",0.1,0.110186863490841,0.02486340387366
"2",0.2,0.191223916233857,0.0331953809918153
"3",0.3,0.218135632786216,0.0387170310792814
"4",0.4,0.22208411664484,0.0318669369114254
