"","missingness_level","RF_MSE","RF_SE"
"1",0.1,0.0597306772176312,0.0169163299128795
