"","missingness_level","KNN_MSE","KNN_SE"
"1",0.1,0.14716694886427,0.0365932147787715
"2",0.2,0.151255875842768,0.0100655863963602
"3",0.3,0.176802404705641,0.0280221913116336
"4",0.4,0.178747219620427,0.0155096347430071
