"","missingness_level","KNN_MSE","KNN_SE"
"1",0.1,0.250778423465148,0.0767186140720407
"2",0.2,0.158796237022186,0.0316715144544874
"3",0.3,0.199827525241141,0.0310527756114377
"4",0.4,0.186408239035343,0.0173845328536792
