"","missingness_level","MeanMode_MSE","MeanMode_SE"
"1",0.1,0.276482072489291,0.10296966429303
"2",0.2,0.339935906654963,0.063907528272565
"3",0.3,0.325968633939829,0.0487565480103156
"4",0.4,0.320249511306187,0.0392241494937464
