"","missingness_level","RF_MSE","RF_SE"
"1",0.1,0.0953397880352764,0.00823689606116243
"2",0.2,0.16211125768651,0.0155866100086222
"3",0.3,0.167879720267888,0.0125563834433658
"4",0.4,0.177600661720555,0.0118562658083503
