"","missingness_level","RF_MSE","RF_SE"
"1",0.1,0.0444935478544728,0.0129263469732207
"2",0.2,0.0819928232387878,0.0284092260281286
"3",0.3,0.195970173426849,0.0565172351677959
"4",0.4,0.155504891655749,0.0300025792445
