"","missingness_level","KNN_MSE","KNN_SE"
"1",0.1,0.0790779319825321,0.0253388276472605
