"","missingness_level","MICE_MSE","MICE_SE"
"1",0.1,0.0367459935286445,0.0244673738745071
