"","missingness_level","KNN_MSE","KNN_SE"
"1",0.1,0.131915297889567,0.0103480293501205
