"","missingness_level","RF_MSE","RF_SE"
"1",0.1,0.10022661882096,0.010380442586946
"2",0.2,0.153032473211846,0.0199843792536624
"3",0.3,0.158916460877451,0.0150656920401847
"4",0.4,0.159500477549245,0.0136508995631077
