"","missingness_level","RF_MSE","RF_SE"
"1",0.1,0.0962132130171816,0.042357303203105
