"","missingness_level","RF_MSE","RF_SE"
"1","MNAR",0.253085261401289,0.00547926551885694
