"","missingness_level","KNN_MSE","KNN_SE"
"1",0.1,0.139605780986872,0.0165965023408787
"2",0.2,0.212307600685801,0.0188494306203957
"3",0.3,0.214755553134133,0.0169255971849097
"4",0.4,0.208385717121904,0.0112562629582731
