"","missingness_level","RF_MSE","RF_SE"
"1",0.1,0.120807646691898,0.0217226148583301
"2",0.2,0.0939738922396786,0.0177245774658551
"3",0.3,0.135269416165519,0.0145770419808957
"4",0.4,0.129155869716754,0.0118750543873981
