"","missingness_level","KNN_MSE","KNN_SE"
"1",0.1,0.143737729430276,0.017815696839626
"2",0.2,0.236783323871092,0.0216251020623789
"3",0.3,0.281548135093625,0.0247577339304733
"4",0.4,0.271926020631701,0.0199573586804395
