"","missingness_level","MeanMode_MSE","MeanMode_SE"
"1",0.1,0.267087564771974,0.034266543030972
"2",0.2,0.281235818250256,0.0260599653815609
"3",0.3,0.324519322594406,0.0316080544000017
"4",0.4,0.314215714801144,0.0251302053829816
