"","missingness_level","RF_MSE","RF_SE"
"1",0.1,0.0536765379746639,0.00151795999074482
