"","missingness_level","MICE_MSE","MICE_SE"
"1",0.1,0.158066165292248,0.0730409496567406
"2",0.2,0.215540278367761,0.0417003820452955
"3",0.3,0.183878895221487,0.0106240413073007
"4",0.4,0.214583649436387,0.0542252058821861
