"","missingness_level","KNN_MSE","KNN_SE"
"1",0.1,0.118566999095861,0.0694683624337898
