"","missingness_level","MICE_MSE","MICE_SE"
"1",0.1,0.0648626228046391,0.00675842728813615
