"","missingness_level","MICE_MSE","MICE_SE"
"1",0.1,0.0585309495564792,0.0133102587944879
"2",0.2,0.06246810373478,0.0230550754776653
"3",0.3,0.139995599065219,0.0348256353978684
"4",0.4,0.145263635283356,0.0204340164683537
