"","missingness_level","RF_MSE","RF_SE"
"1",0.1,0.0637643529931647,0.00552169920557692
