"","missingness_level","KNN_MSE","KNN_SE"
"1",0.1,0.161586269396872,0.0217518183384163
"2",0.2,0.203025097980541,0.0207695419114252
"3",0.3,0.208510965827491,0.0127328286940377
"4",0.4,0.213581255380317,0.0131567956548624
