"","missingness_level","RF_MSE","RF_SE"
"1",0.1,0.191057204138669,0.124468408786538
"2",0.2,0.0863585711142721,0.0135263287678316
"3",0.3,0.126200913175104,0.0252694361930456
"4",0.4,0.126822693226966,0.00604837485684573
