"","missingness_level","RF_MSE","RF_SE"
"1",0.1,0.0561125552949857,0.00731725387387509
"2",0.2,0.12058067843947,0.0171134873323853
"3",0.3,0.171193615618341,0.0237529916921219
"4",0.4,0.162890085847421,0.016294960168818
