"","missingness_level","MICE_MSE","MICE_SE"
"1",0.1,0.0862288562961781,0.0492018731876509
