"","missingness_level","MICE_MSE","MICE_SE"
"1",0.1,0.151029846535713,0.0322218814101783
"2",0.2,0.153986955028887,0.0257654905522648
"3",0.3,0.167129356036274,0.0177740125264365
"4",0.4,0.158837194110158,0.0166016775559585
