"","missingness_level","KNN_MSE","KNN_SE"
"1",0.1,0.171174600062853,0.0525018910244806
