"","missingness_level","MICE_MSE","MICE_SE"
"1",0.1,0.120104500428144,0.077381227953122
"2",0.2,0.203184292619128,0.111006445000831
"3",0.3,0.164660683073707,0.0249856556682213
"4",0.4,0.196079541327103,0.0228790893815624
