"","missingness_level","KNN_MSE","KNN_SE"
"1",0.1,0.168386769151021,0.0300633008580895
"2",0.2,0.145082925587049,0.0266794577521235
"3",0.3,0.198493854966653,0.0425971860750416
"4",0.4,0.193222741489932,0.0144905495815086
