"","missingness_level","RF_MSE","RF_SE"
"1",0.1,0.127513654158672,0.0412939145876072
"2",0.2,0.13988875748671,0.0199855234953228
"3",0.3,0.14884398552467,0.014520043692092
"4",0.4,0.154385631661272,0.0126811552405148
