"","missingness_level","KNN_MSE","KNN_SE"
"1",0.1,0.130438954922531,0.0439942924561842
"2",0.2,0.153614139650312,0.0150750558652174
"3",0.3,0.235163129543855,0.0316494484760979
"4",0.4,0.236223952680609,0.0291892907989364
