"","missingness_level","MICE_MSE","MICE_SE"
"1",0.1,0.0331522912572838,0.0160455155165378
