"","missingness_level","KNN_MSE","KNN_SE"
"1",0.1,0.177991776229606,0.0333100306598288
"2",0.2,0.196142459633503,0.0147744487112022
"3",0.3,0.220013759075232,0.0164566566705813
"4",0.4,0.231349592292059,0.0146736617486935
