"","missingness_level","KNN_MSE","KNN_SE"
"1","MNAR",0.0214487952642054,0.00642668967124969
