"","missingness_level","RF_MSE","RF_SE"
"1",0.1,0.305020520677523,0.0350745704815923
