"","missingness_level","RF_MSE","RF_SE"
"1","MAR",0.274236514028713,0.0080648906700206
