"","missingness_level","MeanMode_MSE","MeanMode_SE"
"1",0.1,0.207327347693055,0.0287506368049298
"2",0.2,0.276961175794943,0.0269299920003978
"3",0.3,0.277320619990502,0.0293424731343045
"4",0.4,0.270611940300515,0.017360501713776
