"","missingness_level","RF_MSE","RF_SE"
"1","MAR",0.176476067251865,0.0195050226374854
