"","missingness_level","KNN_MSE","KNN_SE"
"1",0.1,0.211313576425348,0.0372908913260988
"2",0.2,0.152219716105306,0.0130860726737225
"3",0.3,0.162357633053918,0.0128922726700524
"4",0.4,0.182108146404911,0.0116388169847198
