"","missingness_level","MICE_MSE","MICE_SE"
"1",0.1,0.264646186254594,0.0419792904031124
"2",0.2,0.211688994935528,0.0212785493546457
"3",0.3,0.206908517541589,0.0104507236132749
"4",0.4,0.220044787092326,0.00971270049262924
