"","missingness_level","RF_MSE","RF_SE"
"1",0.1,0.133075271297087,0.0470946089222383
