"","missingness_level","KNN_MSE","KNN_SE"
"1",0.1,0.152686882319619,0.0506106587869901
"2",0.2,0.156185663191533,0.0262430239652421
"3",0.3,0.151756266215945,0.0125064689342713
"4",0.4,0.165960614598914,0.0320463448402565
