"","missingness_level","KNN_MSE","KNN_SE"
"1",0.1,0.173973693291221,0.0166221550537486
"2",0.2,0.215623345336199,0.0220700462234863
"3",0.3,0.239328489239939,0.0181581787834225
"4",0.4,0.235056693505884,0.0128871617241061
