"","missingness_level","MICE_MSE","MICE_SE"
"1",0.1,0.372061401687465,0.0564005846775776
