"","missingness_level","KNN_MSE","KNN_SE"
"1",0.1,0.121817796769705,0.021285270267036
"2",0.2,0.158311692657002,0.0409095683835018
"3",0.3,0.153063384798623,0.021914577440862
"4",0.4,0.161788894674969,0.0234183423081405
