"","missingness_level","RF_MSE","RF_SE"
"1","MAR",0.376807404083215,0.0214846707986845
