"","missingness_level","KNN_MSE","KNN_SE"
"1",0.1,0.184116804971212,0.0218780081188754
"2",0.2,0.206502721819844,0.0279854020439096
"3",0.3,0.202064438766057,0.0186060346268506
"4",0.4,0.236736686706674,0.00952696134161882
