"","missingness_level","KNN_MSE","KNN_SE"
"1",0.1,0.211317428262422,0.0040533262524259
