"","missingness_level","RF_MSE","RF_SE"
"1",0.1,0.188637118934374,0.0355596564627033
"2",0.2,0.174680206181055,0.0177114188004104
"3",0.3,0.164151695469295,0.0227034532047384
"4",0.4,0.157499127437317,0.0149009426794067
