"","missingness_level","RF_MSE","RF_SE"
"1",0.1,0.213063003703728,0.0469346650774765
"2",0.2,0.211549473994511,0.00508631662506802
"3",0.3,0.264242130988362,0.0442789691746324
"4",0.4,0.277083195087565,0.0173008940213153
