"","missingness_level","RF_MSE","RF_SE"
"1",0.1,0.221476753133301,0.0734435525160186
"2",0.2,0.188811177178649,0.0317985272703244
"3",0.3,0.181689267581631,0.0221633055046332
"4",0.4,0.159168822827031,0.0331775497496964
