"","missingness_level","KNN_MSE","KNN_SE"
"1",0.1,0.162748593142041,0.0412721632624492
"2",0.2,0.148891045325273,0.0317812603101771
"3",0.3,0.157273645896873,0.0250695999942304
"4",0.4,0.152218487829585,0.0247738851139349
