"","missingness_level","RF_MSE","RF_SE"
"1",0.1,0.364418232117209,0.105924841392201
