"","missingness_level","RF_MSE","RF_SE"
"1",0.1,0.159078451316534,0.0352052584526001
"2",0.2,0.226940498898067,0.0226715481470229
"3",0.3,0.183792198632709,0.0182766154247637
"4",0.4,0.177063624642269,0.0115915712614396
