"","missingness_level","RF_MSE","RF_SE"
"1","MAR",0.263662153456003,0.0167072029653132
