"","missingness_level","RF_MSE","RF_SE"
"1",0.1,0.167747115110266,0.0277629819772319
"2",0.2,0.237771202306144,0.0147148077691148
"3",0.3,0.264593968235622,0.014900358420631
"4",0.4,0.258607569219776,0.0124028254543684
