"","missingness_level","MICE_MSE","MICE_SE"
"1",0.1,0.306217555482247,0.00329397142894611
