"","missingness_level","KNN_MSE","KNN_SE"
"1","MNAR",0.0205908434536372,0.00915148597939431
