"","missingness_level","RF_MSE","RF_SE"
"1","MAR",0.389559844721819,0.0117364408890667
