"","missingness_level","RF_MSE","RF_SE"
"1","MAR",0.276259838485904,0.0173768328273622
