"","missingness_level","MICE_MSE","MICE_SE"
"1",0.1,0.365418860007492,0.061818632943165
"2",0.2,0.224009941898087,0.0144339151006216
"3",0.3,0.240215361491239,0.0182218552672433
"4",0.4,0.249230942065002,0.0101401301631073
