"","missingness_level","MICE_MSE","MICE_SE"
"1",0.1,0.163477057026258,0.0325630572534216
"2",0.2,0.207486619226333,0.0127715240276739
"3",0.3,0.219723028907438,0.00657785573780954
"4",0.4,0.229788882849118,0.0205051209959324
