"","missingness_level","RF_MSE","RF_SE"
"1","MAR",0.267278087881274,0.0155963664702242
