"","missingness_level","RF_MSE","RF_SE"
"1","MAR",0.291008309748689,0.0122788980666995
