"","missingness_level","RF_MSE","RF_SE"
"1","MAR",0.329400825935291,0.0556621817660454
