"","missingness_level","KNN_MSE","KNN_SE"
"1",0.1,0.322638288617418,0.0664438138593586
