"","missingness_level","KNN_MSE","KNN_SE"
"1",0.1,0.144310630757025,0.0034439188758664
