"","missingness_level","MICE_MSE","MICE_SE"
"1",0.1,0.208520439940269,0.0233558508591579
"2",0.2,0.246386655246873,0.0347816694239005
"3",0.3,0.268401430947985,0.0195898047173636
"4",0.4,0.244063652000511,0.0143489555421342
