"","missingness_level","MICE_MSE","MICE_SE"
"1",0.1,0.210774577261086,0.0407235253640871
"2",0.2,0.269017469143027,0.0451159738244179
"3",0.3,0.266645003416447,0.0212226869132253
"4",0.4,0.252592807628297,0.00975973997914833
