"","missingness_level","MeanMode_MSE","MeanMode_SE"
"1",0.1,0.19165623394072,0.0151389114142377
"2",0.2,0.234929837253921,0.0182687308925657
"3",0.3,0.237478030458349,0.0143035665184624
"4",0.4,0.245300041554731,0.0108604058033068
