"","missingness_level","KNN_MSE","KNN_SE"
"1",0.1,0.315736182302543,0.00779998765962422
