"","missingness_level","MICE_MSE","MICE_SE"
"1",0.1,0.201102205059923,0.0244736718403013
