"","missingness_level","MICE_MSE","MICE_SE"
"1",0.1,0.220863867493444,0.0787920904584488
"2",0.2,0.196416936798264,0.00430441124821822
"3",0.3,0.213085085182073,0.0102201410614859
"4",0.4,0.253089043383346,0.0157997981607291
