"","missingness_level","RF_MSE","RF_SE"
"1",0.1,0.306089984135137,0.0395991462446376
