"","missingness_level","RF_MSE","RF_SE"
"1","MAR",0.155685593251377,0.0418910525273209
