"","missingness_level","RF_MSE","RF_SE"
"1",0.1,0.173058370146701,0.0251003810396727
"2",0.2,0.156414612548305,0.0148018238639701
"3",0.3,0.153548394262916,0.00875418933648399
"4",0.4,0.153640922686352,0.00686102181747646
