"","missingness_level","KNN_MSE","KNN_SE"
"1",0.1,0.165409892055603,0.0170884660671726
"2",0.2,0.166050979233955,0.0160401869805483
"3",0.3,0.167722417013566,0.0166436736714083
"4",0.4,0.182030403055157,0.0113270503996533
