"","missingness_level","MICE_MSE","MICE_SE"
"1",0.1,0.344711776212668,0.111184318853049
"2",0.2,0.223041337003775,0.0192774498534031
"3",0.3,0.281374492159703,0.0323390559991499
"4",0.4,0.249096177810814,0.00873244237693679
