"","missingness_level","RF_MSE","RF_SE"
"1","MAR",0.283881466050228,0.0115135738833006
