"","missingness_level","KNN_MSE","KNN_SE"
"1",0.1,0.194487971598425,0.0227401664355914
"2",0.2,0.162402604781562,0.0145399325993905
"3",0.3,0.164706625187036,0.0137165270016929
"4",0.4,0.164972009905686,0.00975657743503697
