"","missingness_level","RF_MSE","RF_SE"
"1","MAR",0.220924767182201,0.0516195799982328
