"","missingness_level","MICE_MSE","MICE_SE"
"1",0.1,0.375507616288244,0.0362924536860826
