"","missingness_level","RF_MSE","RF_SE"
"1",0.1,0.182701253900275,0.0163579717470821
"2",0.2,0.178694445184092,0.024377967669049
"3",0.3,0.168830282358395,0.0136333204961886
"4",0.4,0.177546396699756,0.0125227275304867
